<?xml version="1.0" encoding="UTF-8"?>
<project-private xmlns="http://www.netbeans.org/ns/project-private/1">
    <editor-bookmarks xmlns="http://www.netbeans.org/ns/editor-bookmarks/2" lastBookmarkId="0"/>
    <open-files xmlns="http://www.netbeans.org/ns/projectui-open-files/2">
        <group>
            <file>file:/Users/liampather/NetBeansProjects/iceOne/src/iceone/Animal.java</file>
            <file>file:/Users/liampather/NetBeansProjects/iceOne/src/iceone/IceOne.java</file>
            <file>file:/Users/liampather/NetBeansProjects/iceOne/src/iceone/Reptile.java</file>
            <file>file:/Users/liampather/NetBeansProjects/iceOne/src/iceone/Bird.java</file>
        </group>
    </open-files>
</project-private>
